<x2d version="1.0">

    <!-- namespace for all textures and sprites -->
    <namespace n="graphics">
        
        <texture n="game" path="res/graphics/bg.png">
            <sprite n="background" x="0" y="0" w="320" h="480" />
        </texture>
        
        <texture n="title" path="res/graphics/title.png">
            <sprite n="background" x="0" y="0" w="320" h="480" />
        </texture>
        
        <texture n="all" path="res/graphics/all.png">
            <sprite n="empty_fuel_bar"  x="2"   y="2"   w="14"  h="150" />
            <sprite n="explosion"       x="2"   y="154" w="114" h="99" />
            <sprite n="fuel_bar"        x="240" y="2"   w="12"  h="8" pivot="0 -4" />
            <sprite n="light_green"     x="36"  y="122" w="16"  h="16" />
            <sprite n="light_red"       x="18"  y="122" w="16"  h="16" />
            <sprite n="platform"        x="18"  y="2"   w="92"  h="20" />
            <sprite n="ship"            x="118" y="2"   w="120" h="118" />
            <sprite n="thrust_left"     x="240" y="12"  w="10"  h="16" />
            <sprite n="thrust_middle"   x="54"  y="24"  w="42"  h="40" />
            <sprite n="thrust_right"    x="240" y="12"  w="10"  h="16" />
        </texture> 
        
    </namespace> 
    <!-- end: graphics -->
    
</x2d>
